{"val_loss":0.2463134527206421,"_runtime":600.57046,"parameters/mlp1.weight":{"bins":[-4.541263103485107,-4.454342365264893,-4.367422103881836,-4.280501365661621,-4.193580627441406,-4.106659889221191,-4.019739627838135,-3.93281888961792,-3.845898151397705,-3.7589776515960693,-3.6720569133758545,-3.5851364135742188,-3.498215675354004,-3.411295175552368,-3.3243746757507324,-3.2374539375305176,-3.1505331993103027,-3.063612699508667,-2.9766921997070312,-2.8897714614868164,-2.8028507232666016,-2.715930223464966,-2.62900972366333,-2.5420889854431152,-2.4551684856414795,-2.3682477474212646,-2.281327247619629,-2.194406509399414,-2.1074860095977783,-2.0205652713775635,-1.9336447715759277,-1.846724033355713,-1.7598036527633667,-1.672883152961731,-1.5859624147415161,-1.4990419149398804,-1.4121211767196655,-1.3252006769180298,-1.238279938697815,-1.1513594388961792,-1.0644387006759644,-0.9775182008743286,-0.8905975818634033,-0.803676962852478,-0.7167563438415527,-0.6298357248306274,-0.5429151058197021,-0.45599448680877686,-0.36907386779785156,-0.28215324878692627,-0.19523262977600098,-0.10831201076507568,-0.02139139175415039,0.06552916765213013,0.15244978666305542,0.2393704056739807,0.326291024684906,0.4132116436958313,0.5001322627067566,0.5870528221130371,0.6739734411239624,0.7608940601348877,0.847814679145813,0.9347352981567383,1.0216559171676636],"_type":"histogram","values":[1,0,0,0,0,0,0,0,1,0,0,0,0,0,0,0,1,0,0,0,0,1,0,1,0,0,0,0,0,0,0,0,0,1,0,0,1,1,1,0,0,2,3,1,5,14,20,36,51,75,147,510,781,192,91,44,43,34,20,12,5,3,1,1]},"_timestamp":1.741104697652095e+09,"n_iter":96455,"parameters/mlp3.weight":{"_type":"histogram","values":[1,0,1,1,0,0,0,0,1,1,1,0,1,0,2,0,0,0,0,4,3,2,4,2,3,3,10,3,3,5,13,11,12,17,8,23,19,25,35,55,63,72,127,190,278,392,658,1192,2036,2097,1199,619,387,192,112,62,31,7,8,4,4,0,0,1],"bins":[-4.188619136810303,-4.103237628936768,-4.017856121063232,-3.9324746131896973,-3.847092866897583,-3.761711359024048,-3.6763298511505127,-3.5909483432769775,-3.5055668354034424,-3.420185089111328,-3.334803581237793,-3.249422073364258,-3.1640405654907227,-3.0786590576171875,-2.9932775497436523,-2.907896041870117,-2.822514533996582,-2.737133026123047,-2.6517512798309326,-2.5663697719573975,-2.4809882640838623,-2.395606517791748,-2.310225009918213,-2.2248435020446777,-2.1394619941711426,-2.0540804862976074,-1.9686989784240723,-1.883317470550537,-1.797935962677002,-1.7125542163848877,-1.6271727085113525,-1.5417912006378174,-1.4564096927642822,-1.371028184890747,-1.285646677017212,-1.2002651691436768,-1.1148834228515625,-1.0295019149780273,-0.9441204071044922,-0.858738899230957,-0.7733573913574219,-0.6879757642745972,-0.602594256401062,-0.5172127485275269,-0.43183112144470215,-0.346449613571167,-0.26106810569763184,-0.17568647861480713,-0.09030497074127197,-0.004923462867736816,0.08045816421508789,0.16583967208862305,0.2512211799621582,0.33660274744033813,0.42198431491851807,0.5073658227920532,0.5927473902702332,0.6781289577484131,0.7635104656219482,0.8488920331001282,0.9342736005783081,1.0196551084518433,1.1050366163253784,1.1904182434082031,1.2757997512817383]},"parameters/mlp3.bias":{"bins":[-2.88507080078125,-2.793480396270752,-2.701889753341675,-2.6102991104125977,-2.5187087059020996,-2.4271183013916016,-2.3355276584625244,-2.2439370155334473,-2.152346611022949,-2.060756206512451,-1.969165563583374,-1.8775750398635864,-1.7859845161437988,-1.6943939924240112,-1.6028034687042236,-1.511212944984436,-1.4196224212646484,-1.3280318975448608,-1.2364413738250732,-1.1448508501052856,-1.053260326385498,-0.9616698026657104,-0.8700792789459229,-0.7784886360168457,-0.6868982315063477,-0.5953078269958496,-0.5037171840667725,-0.4121265411376953,-0.32053613662719727,-0.22894573211669922,-0.13735508918762207,-0.04576444625854492,0.04582571983337402,0.13741612434387207,0.22900676727294922,0.32059741020202637,0.4121878147125244,0.5037782192230225,0.5953688621520996,0.6869595050811768,0.7785499095916748,0.8701403141021729,0.96173095703125,1.0533214807510376,1.1449120044708252,1.2365025281906128,1.3280930519104004,1.419683575630188,1.5112740993499756,1.6028646230697632,1.6944551467895508,1.7860456705093384,1.877636194229126,1.9692267179489136,2.060817241668701,2.152407646179199,2.2439982891082764,2.3355889320373535,2.4271793365478516,2.5187697410583496,2.6103603839874268,2.701951026916504,2.793541431427002,2.8851318359375,2.976722478866577],"_type":"histogram","values":[1,0,0,0,0,0,0,0,2,0,0,5,1,0,1,0,3,1,3,1,2,0,1,2,4,2,3,4,5,7,6,6,5,3,1,4,2,0,1,1,1,2,4,0,2,1,3,1,1,1,2,2,1,0,1,0,0,0,0,0,0,0,0,1]},"_wandb":{"runtime":600},"parameters/cls_head.bias":{"_type":"histogram","values":[1],"bins":[-0.6223756074905396,-0.6223756074905396]},"val_accuracy":0.8998091068696965,"parameters/mlp2.weight":{"bins":[-2.550356149673462,-2.487048387527466,-2.4237406253814697,-2.3604328632354736,-2.2971251010894775,-2.2338173389434814,-2.1705095767974854,-2.10720157623291,-2.043893814086914,-1.9805861711502075,-1.9172784090042114,-1.8539705276489258,-1.7906627655029297,-1.7273550033569336,-1.6640472412109375,-1.6007394790649414,-1.5374317169189453,-1.4741239547729492,-1.4108161926269531,-1.347508430480957,-1.284200668334961,-1.2208927869796753,-1.1575850248336792,-1.094277262687683,-1.030969500541687,-0.9676617383956909,-0.9043539762496948,-0.8410462141036987,-0.7777383327484131,-0.714430570602417,-0.6511228084564209,-0.5878150463104248,-0.5245074033737183,-0.46119964122772217,-0.3978918790817261,-0.33458411693573,-0.2712763547897339,-0.20796847343444824,-0.14466071128845215,-0.08135294914245605,-0.01804518699645996,0.04526257514953613,0.10857033729553223,0.17187809944152832,0.23518598079681396,0.29849374294281006,0.36180150508880615,0.42510926723480225,0.48841702938079834,0.5517247915267944,0.6150325536727905,0.6783403754234314,0.7416481375694275,0.8049558997154236,0.8682637214660645,0.9315714836120605,0.9948792457580566,1.0581870079040527,1.1214947700500488,1.184802532196045,1.248110294342041,1.3114181756973267,1.3747259378433228,1.4380336999893188,1.501341462135315],"_type":"histogram","values":[1,0,0,0,0,0,0,0,0,0,0,0,0,0,1,0,0,1,2,2,3,1,1,7,8,9,9,20,28,27,34,71,96,129,192,312,479,851,1276,1643,1668,1240,698,473,295,180,103,57,34,16,14,9,3,1,1,1,1,0,1,0,1,0,0,1]},"_step":96459,"train_loss":0.15923693776130676,"parameters/cls_head.weight":{"_type":"histogram","values":[3,1,1,0,1,0,2,5,1,1,2,2,3,1,6,3,8,8,3,2,1,0,1,0,0,2,0,2,4,3,5,6,2,4,1,1,2,3,1,2,0,0,0,3,0,1,0,0,0,0,0,0,1,0,0,0,1,0,0,0,0,0,0,1],"bins":[-0.17043209075927734,-0.1631009876728058,-0.15576988458633423,-0.14843878149986267,-0.1411076784133911,-0.13377657532691956,-0.1264454871416092,-0.11911438405513763,-0.11178328096866608,-0.10445217788219452,-0.09712107479572296,-0.089789979159832,-0.08245887607336044,-0.07512777298688889,-0.06779667735099792,-0.06046557426452637,-0.05313447117805481,-0.04580336809158325,-0.038472265005111694,-0.031141161918640137,-0.02381005883216858,-0.016478970646858215,-0.009147867560386658,-0.0018167644739151,0.0055143386125564575,0.012845441699028015,0.020176544785499573,0.02750764787197113,0.034838736057281494,0.04216983914375305,0.04950094223022461,0.05683204531669617,0.06416314840316772,0.07149425148963928,0.07882535457611084,0.0861564576625824,0.09348756074905396,0.10081864893436432,0.10814975202083588,0.11548085510730743,0.12281195819377899,0.13014306128025055,0.1374741643667221,0.14480526745319366,0.15213635563850403,0.15946745872497559,0.16679856181144714,0.1741296648979187,0.18146076798439026,0.18879187107086182,0.19612297415733337,0.20345407724380493,0.2107851803302765,0.21811628341674805,0.2254473716020584,0.23277847468852997,0.24010957777500153,0.24744068086147308,0.25477176904678345,0.262102872133255,0.26943397521972656,0.2767650783061981,0.2840961813926697,0.29142728447914124,0.2987583875656128]},